id,name,mesh,source_master,references,cells,cell_coordinates
flora_kreshweed_01,Kreshweed,o\Flora_kreshweed_01.nif,Morrowind.esm,277,58,"(15, 19); (16, 16); (16, 17); (17, 14); (17, 15); (17, 16); (17, 17); (18, 14); (18, 15); (18, 18); (19, 14); (19, 15); (19, 17); (19, 18); (20, 13); (20, 14); (20, 15); (20, 16); (20, 17); (21, 11); (21, 12); (21, 13); (21, 14); (21, 15); (22, 7); (22, 8); (22, 10); (22, 11); (22, 12); (22, 13); (23, 2); (23, 3); (23, 6); (23, 7); (23, 8); (23, 9); (23, 10); (23, 11); (24, 1); (24, 2); (24, 3); (24, 4); (24, 5); (24, 6); (24, 7); (24, 8); (24, 9); (24, 10); (25, 1); (25, 2); (25, 3); (25, 6); (25, 7); (25, 8); (25, 9); (26, 2); (26, 3); (26, 7)"
flora_kreshweed_02,Kreshweed,o\Flora_kreshweed_02.nif,Morrowind.esm,179,56,"(14, 19); (14, 20); (15, 19); (15, 20); (16, 16); (16, 17); (16, 18); (16, 19); (17, 14); (17, 17); (18, 14); (18, 15); (18, 16); (18, 18); (19, 14); (19, 15); (19, 16); (19, 17); (19, 18); (20, 14); (20, 15); (20, 16); (20, 17); (21, 10); (21, 12); (21, 13); (21, 14); (21, 15); (22, 12); (22, 13); (23, 2); (23, 3); (23, 6); (23, 8); (23, 9); (23, 11); (24, 1); (24, 2); (24, 3); (24, 5); (24, 6); (24, 7); (24, 8); (24, 9); (24, 10); (25, 1); (25, 2); (25, 3); (25, 6); (25, 7); (25, 8); (25, 9); (26, 2); (26, 3); (26, 6); (26, 7)"
flora_kreshweed_03,Kreshweed,o\Flora_kreshweed_03.nif,Morrowind.esm,177,50,"(14, 20); (15, 19); (15, 20); (16, 18); (16, 19); (17, 14); (17, 15); (18, 14); (18, 15); (19, 13); (19, 14); (19, 18); (20, 13); (20, 14); (20, 17); (21, 12); (21, 13); (21, 14); (21, 15); (22, 7); (22, 8); (22, 9); (22, 10); (22, 11); (22, 12); (22, 13); (23, 2); (23, 6); (23, 7); (23, 8); (23, 9); (23, 10); (23, 11); (24, 1); (24, 2); (24, 5); (24, 6); (24, 7); (24, 8); (24, 9); (24, 10); (25, 1); (25, 3); (25, 6); (25, 7); (25, 8); (25, 9); (26, 2); (26, 6); (26, 7)"
flora_saltrice_02,Saltrice,o\Flora_saltrice_02.nif,Morrowind.esm,66,18,"(14, 18); (14, 19); (17, 14); (19, 13); (21, 8); (21, 11); (21, 12); (22, 7); (22, 8); (22, 10); (23, 7); (23, 8); (23, 9); (24, 1); (24, 4); (24, 5); (25, 1); (25, 3)"
flora_saltrice_01,Saltrice,o\Flora_saltrice_01.nif,Morrowind.esm,56,17,"(14, 19); (17, 14); (19, 13); (21, 8); (21, 11); (21, 12); (22, 7); (22, 8); (22, 10); (23, 7); (23, 8); (23, 9); (24, 1); (24, 4); (24, 5); (25, 1); (25, 3)"
flora_willow_flower_01,Willow Flower,o\Flora_Willow_Flower_01.nif,Morrowind.esm,50,24,"(15, 19); (16, 18); (16, 19); (17, 15); (18, 15); (19, 14); (19, 18); (20, 15); (20, 16); (20, 17); (21, 12); (21, 14); (21, 15); (22, 12); (23, 6); (23, 10); (23, 11); (24, 1); (24, 6); (24, 7); (24, 8); (24, 10); (25, 6); (25, 7)"
flora_black_anther_01,Black Anther Plant,o\Flora_Black_Anther_01.nif,Morrowind.esm,40,19,"(15, 19); (15, 20); (16, 17); (19, 18); (20, 14); (20, 16); (20, 17); (21, 13); (21, 15); (22, 12); (23, 2); (23, 6); (24, 1); (24, 2); (24, 6); (24, 9); (24, 10); (25, 7); (26, 6)"
flora_black_anther_02,Black Anther Plant,o\Flora_Black_Anther_02.nif,Morrowind.esm,40,17,"(15, 19); (16, 17); (19, 18); (20, 14); (20, 15); (20, 16); (20, 17); (21, 13); (21, 15); (22, 12); (23, 2); (23, 6); (24, 6); (24, 9); (24, 10); (25, 7); (26, 6)"
flora_gold_kanet_01,Gold Kanet Flower,o\Flora_gold_kanet_01.NIF,Morrowind.esm,36,14,"(14, 19); (15, 20); (16, 17); (17, 14); (19, 17); (20, 15); (20, 16); (20, 17); (23, 2); (23, 9); (24, 1); (24, 2); (24, 3); (25, 9)"
flora_willow_flower_02,Willow Flower,o\Flora_Willow_Flower_02.nif,Morrowind.esm,36,20,"(16, 18); (16, 19); (17, 15); (19, 18); (20, 15); (20, 16); (20, 17); (21, 12); (21, 15); (22, 12); (23, 6); (23, 10); (23, 11); (24, 1); (24, 6); (24, 7); (24, 8); (24, 10); (25, 6); (25, 7)"
flora_stoneflower_01,Stoneflower,o\Flora_Stoneflower_01.nif,Morrowind.esm,32,16,"(14, 20); (15, 19); (16, 16); (16, 17); (16, 19); (19, 15); (19, 18); (20, 15); (20, 17); (21, 15); (23, 2); (24, 1); (24, 3); (25, 2); (25, 3); (26, 3)"
flora_marshmerrow_02,Marshmerrow,o\Flora_marshmerrow_02.nif,Morrowind.esm,31,12,"(14, 18); (14, 19); (17, 14); (19, 13); (21, 11); (21, 12); (22, 10); (23, 7); (23, 8); (24, 1); (24, 5); (25, 1)"
flora_marshmerrow_03,Marshmerrow,o\Flora_marshmerrow_03.nif,Morrowind.esm,30,12,"(14, 18); (14, 19); (17, 14); (19, 13); (21, 11); (21, 12); (22, 10); (23, 7); (23, 8); (24, 1); (24, 5); (25, 1)"
flora_marshmerrow_01,Marshmerrow,o\Flora_marshmerrow_01.nif,Morrowind.esm,20,9,"(14, 18); (14, 19); (17, 14); (21, 11); (21, 12); (22, 10); (23, 8); (24, 1); (25, 1)"
flora_gold_kanet_02,Gold Kanet Flower,o\Flora_gold_kanet_02.NIF,Morrowind.esm,19,13,"(14, 19); (15, 20); (16, 17); (17, 14); (19, 17); (20, 15); (20, 16); (20, 17); (23, 2); (24, 1); (24, 3); (25, 2); (25, 9)"
flora_stoneflower_02,Stoneflower,o\Flora_Stoneflower_02.nif,Morrowind.esm,19,11,"(14, 20); (16, 19); (19, 15); (19, 18); (20, 15); (20, 16); (20, 17); (21, 15); (24, 1); (24, 3); (25, 2)"
flora_muckspunge_04,Muckspunge,f\Flora_muckspunge_04.NIF,Morrowind.esm,16,13,"(17, 14); (20, 13); (21, 11); (21, 12); (21, 13); (22, 7); (22, 8); (22, 11); (23, 7); (23, 9); (24, 1); (24, 5); (25, 3)"
flora_muckspunge_05,Muckspunge,f\Flora_muckspunge_05.NIF,Morrowind.esm,15,12,"(16, 16); (20, 13); (21, 11); (21, 13); (22, 8); (22, 10); (22, 11); (23, 7); (23, 9); (24, 4); (24, 5); (25, 3)"
flora_muckspunge_03,Muckspunge,f\Flora_muckspunge_03.NIF,Morrowind.esm,14,12,"(21, 8); (21, 11); (21, 12); (22, 7); (22, 9); (22, 10); (22, 11); (23, 6); (23, 7); (23, 9); (24, 4); (24, 5)"
T_Mw_Flora_SmearAlgae02,Smear Algae,tr\o\tr_f_smearalgae_02.nif,Tamriel_Data.esm,14,6,"(16, 19); (16, 20); (17, 20); (17, 21); (18, 19); (18, 21)"
T_Mw_Flora_SmearAlgae03,Smear Algae,tr\o\tr_f_smearalgae_03.nif,Tamriel_Data.esm,14,5,"(16, 20); (17, 20); (17, 21); (18, 19); (18, 21)"
flora_muckspunge_01,Muckspunge,f\Flora_muckspunge_01.NIF,Morrowind.esm,13,9,"(16, 16); (17, 14); (20, 13); (21, 13); (22, 10); (22, 11); (24, 1); (24, 4); (25, 3)"
T_Mw_Flora_SmearAlgae01,Smear Algae,tr\o\tr_f_smearalgae_01.nif,Tamriel_Data.esm,13,5,"(16, 20); (17, 20); (17, 21); (18, 19); (18, 21)"
flora_muckspunge_06,Muckspunge,f\Flora_muckspunge_06.NIF,Morrowind.esm,8,7,"(17, 14); (21, 12); (22, 10); (22, 11); (24, 1); (24, 4); (24, 5)"
flora_roobrush_02,Roobrush,o\Flora_roobrush_01.NIF,Morrowind.esm,7,1,"(21, 15)"
flora_wickwheat_04,Wickwheat,o\Flora_wickwheat_04.nif,Morrowind.esm,7,1,"(26, 2)"
flora_chokeweed_02,Chokeweed,o\Flora_chokeweed_01.NIF,Morrowind.esm,6,5,"(18, 15); (21, 14); (22, 13); (26, 3); (26, 6)"
flora_muckspunge_02,Muckspunge,f\Flora_muckspunge_02.NIF,Morrowind.esm,6,6,"(21, 13); (22, 9); (22, 10); (23, 6); (24, 0); (24, 5)"
flora_rm_scathecraw_01,Scathecraw Plant,f\Flora_RM_scathecraw_01.NIF,Morrowind.esm,6,3,"(17, 17); (17, 18); (18, 16)"
flora_wickwheat_03,Wickwheat,o\Flora_wickwheat_03.nif,Morrowind.esm,6,1,"(26, 2)"
T_Mw_Flora_Blackrose01,Black Rose,TR\o\TR_f_blackrose01.NIF,Tamriel_Data.esm,6,3,"(20, 16); (24, 10); (25, 2)"
flora_rm_scathecraw_02,Scathecraw Plant,f\Flora_RM_scathecraw_02.NIF,Morrowind.esm,4,3,"(17, 17); (17, 18); (18, 17)"
flora_black_lichen_01,Black Lichen,o\Flora_Black_Lichen_01.nif,Morrowind.esm,3,2,"(24, 1); (24, 2)"
flora_hackle-lo_01,Hackle-lo,o\Flora_hackle-lo_01.nif,Morrowind.esm,3,2,"(26, 2); (26, 3)"
T_Mw_Flora_Blackrose02,Black Rose,TR\o\TR_f_blackrose02.NIF,Tamriel_Data.esm,3,2,"(20, 16); (24, 10)"
T_Mw_Flora_Scathecraw04,Scathecraw Plant,tr\o\tr_f_scathecraw_04.nif,Tamriel_Data.esm,2,1,"(17, 17)"
flora_green_lichen_02,Green Lichen,o\Flora_Green_Lichen_02.nif,Morrowind.esm,1,1,"(24, 1)"
flora_hackle-lo_02,Hackle-lo,o\Flora_hackle-lo_02.nif,Morrowind.esm,1,1,"(26, 2)"
flora_red_lichen_01,Red Lichen,o\Flora_Red_Lichen_01.nif,Morrowind.esm,1,1,"(20, 17)"
T_Mw_Flora_Scathecraw03,Scathecraw Plant,tr\o\tr_f_scathecraw_03.nif,Tamriel_Data.esm,1,1,"(17, 17)"
