source_mesh,status,source_file,destination_file
f\Terrain_rock_AC_12.nif,already_copied,/mnt/g/Steam/steamapps/common/Morrowind/Data Files/meshes/f/Terrain_rock_AC_12.nif,/mnt/f/CODE/Python/Projects/MorrowindDagonUrul/data/original/Meshes/f/Terrain_rock_AC_12.nif
f\Terrain_rock_AC_04.nif,already_copied,/mnt/g/Steam/steamapps/common/Morrowind/Data Files/meshes/f/Terrain_rock_AC_04.nif,/mnt/f/CODE/Python/Projects/MorrowindDagonUrul/data/original/Meshes/f/Terrain_rock_AC_04.nif
f\Terrain_rock_AC_11.nif,already_copied,/mnt/g/Steam/steamapps/common/Morrowind/Data Files/meshes/f/Terrain_rock_AC_11.nif,/mnt/f/CODE/Python/Projects/MorrowindDagonUrul/data/original/Meshes/f/Terrain_rock_AC_11.nif
f\Terrain_rock_AC_07.nif,already_copied,/mnt/g/Steam/steamapps/common/Morrowind/Data Files/meshes/f/Terrain_rock_AC_07.nif,/mnt/f/CODE/Python/Projects/MorrowindDagonUrul/data/original/Meshes/f/Terrain_rock_AC_07.nif
f\Terrain_rock_AC_03.nif,already_copied,/mnt/g/Steam/steamapps/common/Morrowind/Data Files/meshes/f/Terrain_rock_AC_03.nif,/mnt/f/CODE/Python/Projects/MorrowindDagonUrul/data/original/Meshes/f/Terrain_rock_AC_03.nif
f\Terrain_rock_AC_08.nif,already_copied,/mnt/g/Steam/steamapps/common/Morrowind/Data Files/meshes/f/Terrain_rock_AC_08.nif,/mnt/f/CODE/Python/Projects/MorrowindDagonUrul/data/original/Meshes/f/Terrain_rock_AC_08.nif
f\Terrain_rock_AC_10.nif,already_copied,/mnt/g/Steam/steamapps/common/Morrowind/Data Files/meshes/f/Terrain_rock_AC_10.nif,/mnt/f/CODE/Python/Projects/MorrowindDagonUrul/data/original/Meshes/f/Terrain_rock_AC_10.nif
f\Terrain_rocks_WG_03.nif,already_copied,/mnt/g/Steam/steamapps/common/Morrowind/Data Files/meshes/f/Terrain_rocks_WG_03.nif,/mnt/f/CODE/Python/Projects/MorrowindDagonUrul/data/original/Meshes/f/Terrain_rocks_WG_03.nif
f\Terrain_rock_AC_09.nif,already_copied,/mnt/g/Steam/steamapps/common/Morrowind/Data Files/meshes/f/Terrain_rock_AC_09.nif,/mnt/f/CODE/Python/Projects/MorrowindDagonUrul/data/original/Meshes/f/Terrain_rock_AC_09.nif
f\Terrain_rock_AC_06.nif,already_copied,/mnt/g/Steam/steamapps/common/Morrowind/Data Files/meshes/f/Terrain_rock_AC_06.nif,/mnt/f/CODE/Python/Projects/MorrowindDagonUrul/data/original/Meshes/f/Terrain_rock_AC_06.nif
x\Ex_T_rock_coastal_02.nif,already_copied,/mnt/g/Steam/steamapps/common/Morrowind/Data Files/meshes/x/Ex_T_rock_coastal_02.nif,/mnt/f/CODE/Python/Projects/MorrowindDagonUrul/data/original/Meshes/x/Ex_T_rock_coastal_02.nif
x\Ex_T_rock_coastal_01.nif,already_copied,/mnt/g/Steam/steamapps/common/Morrowind/Data Files/meshes/x/Ex_T_rock_coastal_01.nif,/mnt/f/CODE/Python/Projects/MorrowindDagonUrul/data/original/Meshes/x/Ex_T_rock_coastal_01.nif
f\Terrain_rock_AC_02.nif,already_copied,/mnt/g/Steam/steamapps/common/Morrowind/Data Files/meshes/f/Terrain_rock_AC_02.nif,/mnt/f/CODE/Python/Projects/MorrowindDagonUrul/data/original/Meshes/f/Terrain_rock_AC_02.nif
f\Terrain_rock_AC_05.nif,already_copied,/mnt/g/Steam/steamapps/common/Morrowind/Data Files/meshes/f/Terrain_rock_AC_05.nif,/mnt/f/CODE/Python/Projects/MorrowindDagonUrul/data/original/Meshes/f/Terrain_rock_AC_05.nif
f\Terrain_rock_AC_01.nif,already_copied,/mnt/g/Steam/steamapps/common/Morrowind/Data Files/meshes/f/Terrain_rock_AC_01.nif,/mnt/f/CODE/Python/Projects/MorrowindDagonUrul/data/original/Meshes/f/Terrain_rock_AC_01.nif
f\Terrain_rocks_WG_01.nif,already_copied,/mnt/g/Steam/steamapps/common/Morrowind/Data Files/meshes/f/Terrain_rocks_WG_01.nif,/mnt/f/CODE/Python/Projects/MorrowindDagonUrul/data/original/Meshes/f/Terrain_rocks_WG_01.nif
f\Terrain_rock_WG_10.NIF,already_copied,/mnt/g/Steam/steamapps/common/Morrowind/Data Files/meshes/f/Terrain_rock_WG_10.NIF,/mnt/f/CODE/Python/Projects/MorrowindDagonUrul/data/original/Meshes/f/Terrain_rock_WG_10.NIF
x\Terrain_rock_MA_55.NIF,already_copied,/mnt/g/Steam/steamapps/common/Morrowind/Data Files/meshes/x/Terrain_rock_MA_55.NIF,/mnt/f/CODE/Python/Projects/MorrowindDagonUrul/data/original/Meshes/x/Terrain_rock_MA_55.NIF
f\Terrain_rock_WG_08.NIF,already_copied,/mnt/g/Steam/steamapps/common/Morrowind/Data Files/meshes/f/Terrain_rock_WG_08.NIF,/mnt/f/CODE/Python/Projects/MorrowindDagonUrul/data/original/Meshes/f/Terrain_rock_WG_08.NIF
f\Terrain_rock_WG_18.NIF,already_copied,/mnt/g/Steam/steamapps/common/Morrowind/Data Files/meshes/f/Terrain_rock_WG_18.NIF,/mnt/f/CODE/Python/Projects/MorrowindDagonUrul/data/original/Meshes/f/Terrain_rock_WG_18.NIF
f\Terrain_rock_WG_12.NIF,already_copied,/mnt/g/Steam/steamapps/common/Morrowind/Data Files/meshes/f/Terrain_rock_WG_12.NIF,/mnt/f/CODE/Python/Projects/MorrowindDagonUrul/data/original/Meshes/f/Terrain_rock_WG_12.NIF
x\Terrain_rock_MA_57.NIF,already_copied,/mnt/g/Steam/steamapps/common/Morrowind/Data Files/meshes/x/Terrain_rock_MA_57.NIF,/mnt/f/CODE/Python/Projects/MorrowindDagonUrul/data/original/Meshes/x/Terrain_rock_MA_57.NIF
x\Terrain_rock_MA_54.NIF,already_copied,/mnt/g/Steam/steamapps/common/Morrowind/Data Files/meshes/x/Terrain_rock_MA_54.NIF,/mnt/f/CODE/Python/Projects/MorrowindDagonUrul/data/original/Meshes/x/Terrain_rock_MA_54.NIF
f\Terrain_rock_WG_02.NIF,already_copied,/mnt/g/Steam/steamapps/common/Morrowind/Data Files/meshes/f/Terrain_rock_WG_02.NIF,/mnt/f/CODE/Python/Projects/MorrowindDagonUrul/data/original/Meshes/f/Terrain_rock_WG_02.NIF
f\Terrain_rock_WG_05.NIF,already_copied,/mnt/g/Steam/steamapps/common/Morrowind/Data Files/meshes/f/Terrain_rock_WG_05.NIF,/mnt/f/CODE/Python/Projects/MorrowindDagonUrul/data/original/Meshes/f/Terrain_rock_WG_05.NIF
x\Terrain_rock_MA_550.NIF,already_copied,/mnt/g/Steam/steamapps/common/Morrowind/Data Files/meshes/x/Terrain_rock_MA_550.NIF,/mnt/f/CODE/Python/Projects/MorrowindDagonUrul/data/original/Meshes/x/Terrain_rock_MA_550.NIF
f\Terrain_rock_WG_01.NIF,already_copied,/mnt/g/Steam/steamapps/common/Morrowind/Data Files/meshes/f/Terrain_rock_WG_01.NIF,/mnt/f/CODE/Python/Projects/MorrowindDagonUrul/data/original/Meshes/f/Terrain_rock_WG_01.NIF
f\Terrain_rock_WG_07.NIF,already_copied,/mnt/g/Steam/steamapps/common/Morrowind/Data Files/meshes/f/Terrain_rock_WG_07.NIF,/mnt/f/CODE/Python/Projects/MorrowindDagonUrul/data/original/Meshes/f/Terrain_rock_WG_07.NIF
f\Terrain_rock_WG_17.NIF,already_copied,/mnt/g/Steam/steamapps/common/Morrowind/Data Files/meshes/f/Terrain_rock_WG_17.NIF,/mnt/f/CODE/Python/Projects/MorrowindDagonUrul/data/original/Meshes/f/Terrain_rock_WG_17.NIF
x\Terrain_rock_MA_10.NIF,already_copied,/mnt/g/Steam/steamapps/common/Morrowind/Data Files/meshes/x/Terrain_rock_MA_10.NIF,/mnt/f/CODE/Python/Projects/MorrowindDagonUrul/data/original/Meshes/x/Terrain_rock_MA_10.NIF
f\Terrain_rock_WG_09.NIF,already_copied,/mnt/g/Steam/steamapps/common/Morrowind/Data Files/meshes/f/Terrain_rock_WG_09.NIF,/mnt/f/CODE/Python/Projects/MorrowindDagonUrul/data/original/Meshes/f/Terrain_rock_WG_09.NIF
x\Terrain_rock_MA_5A.NIF,already_copied,/mnt/g/Steam/steamapps/common/Morrowind/Data Files/meshes/x/Terrain_rock_MA_5A.NIF,/mnt/f/CODE/Python/Projects/MorrowindDagonUrul/data/original/Meshes/x/Terrain_rock_MA_5A.NIF
x\Terrain_rock_MA_25.NIF,already_copied,/mnt/g/Steam/steamapps/common/Morrowind/Data Files/meshes/x/Terrain_rock_MA_25.NIF,/mnt/f/CODE/Python/Projects/MorrowindDagonUrul/data/original/Meshes/x/Terrain_rock_MA_25.NIF
x\Terrain_rock_MA_49.NIF,already_copied,/mnt/g/Steam/steamapps/common/Morrowind/Data Files/meshes/x/Terrain_rock_MA_49.NIF,/mnt/f/CODE/Python/Projects/MorrowindDagonUrul/data/original/Meshes/x/Terrain_rock_MA_49.NIF
x\Terrain_rock_MA_04.NIF,already_copied,/mnt/g/Steam/steamapps/common/Morrowind/Data Files/meshes/x/Terrain_rock_MA_04.NIF,/mnt/f/CODE/Python/Projects/MorrowindDagonUrul/data/original/Meshes/x/Terrain_rock_MA_04.NIF
x\Terrain_rock_MA_06.NIF,already_copied,/mnt/g/Steam/steamapps/common/Morrowind/Data Files/meshes/x/Terrain_rock_MA_06.NIF,/mnt/f/CODE/Python/Projects/MorrowindDagonUrul/data/original/Meshes/x/Terrain_rock_MA_06.NIF
x\Terrain_rock_MA_07.NIF,already_copied,/mnt/g/Steam/steamapps/common/Morrowind/Data Files/meshes/x/Terrain_rock_MA_07.NIF,/mnt/f/CODE/Python/Projects/MorrowindDagonUrul/data/original/Meshes/x/Terrain_rock_MA_07.NIF
x\Terrain_rock_MA_39.NIF,already_copied,/mnt/g/Steam/steamapps/common/Morrowind/Data Files/meshes/x/Terrain_rock_MA_39.NIF,/mnt/f/CODE/Python/Projects/MorrowindDagonUrul/data/original/Meshes/x/Terrain_rock_MA_39.NIF
x\Terrain_rock_MA_43.NIF,already_copied,/mnt/g/Steam/steamapps/common/Morrowind/Data Files/meshes/x/Terrain_rock_MA_43.NIF,/mnt/f/CODE/Python/Projects/MorrowindDagonUrul/data/original/Meshes/x/Terrain_rock_MA_43.NIF
x\Terrain_rock_MA_58.NIF,already_copied,/mnt/g/Steam/steamapps/common/Morrowind/Data Files/meshes/x/Terrain_rock_MA_58.NIF,/mnt/f/CODE/Python/Projects/MorrowindDagonUrul/data/original/Meshes/x/Terrain_rock_MA_58.NIF
f\Terrain_rocks_WG_02.nif,already_copied,/mnt/g/Steam/steamapps/common/Morrowind/Data Files/meshes/f/Terrain_rocks_WG_02.nif,/mnt/f/CODE/Python/Projects/MorrowindDagonUrul/data/original/Meshes/f/Terrain_rocks_WG_02.nif
f\Terrain_rocks_WG_04.nif,already_copied,/mnt/g/Steam/steamapps/common/Morrowind/Data Files/meshes/f/Terrain_rocks_WG_04.nif,/mnt/f/CODE/Python/Projects/MorrowindDagonUrul/data/original/Meshes/f/Terrain_rocks_WG_04.nif
x\Terrain_rock_MA_02.NIF,already_copied,/mnt/g/Steam/steamapps/common/Morrowind/Data Files/meshes/x/Terrain_rock_MA_02.NIF,/mnt/f/CODE/Python/Projects/MorrowindDagonUrul/data/original/Meshes/x/Terrain_rock_MA_02.NIF
x\Terrain_rock_MA_19.NIF,already_copied,/mnt/g/Steam/steamapps/common/Morrowind/Data Files/meshes/x/Terrain_rock_MA_19.NIF,/mnt/f/CODE/Python/Projects/MorrowindDagonUrul/data/original/Meshes/x/Terrain_rock_MA_19.NIF
tr\x\tr_terr_ma_plat_01.nif,already_copied,/mnt/g/Steam/steamapps/common/Morrowind/Data Files/meshes/tr/x/tr_terr_ma_plat_01.nif,/mnt/f/CODE/Python/Projects/MorrowindDagonUrul/data/original/Meshes/tr/x/tr_terr_ma_plat_01.nif
tr\x\tr_terr_ma_plat_03.nif,already_copied,/mnt/g/Steam/steamapps/common/Morrowind/Data Files/meshes/tr/x/tr_terr_ma_plat_03.nif,/mnt/f/CODE/Python/Projects/MorrowindDagonUrul/data/original/Meshes/tr/x/tr_terr_ma_plat_03.nif
x\Terrain_rock_MA_09.NIF,already_copied,/mnt/g/Steam/steamapps/common/Morrowind/Data Files/meshes/x/Terrain_rock_MA_09.NIF,/mnt/f/CODE/Python/Projects/MorrowindDagonUrul/data/original/Meshes/x/Terrain_rock_MA_09.NIF
x\Terrain_rock_MA_56.NIF,already_copied,/mnt/g/Steam/steamapps/common/Morrowind/Data Files/meshes/x/Terrain_rock_MA_56.NIF,/mnt/f/CODE/Python/Projects/MorrowindDagonUrul/data/original/Meshes/x/Terrain_rock_MA_56.NIF
f\Terrain_rock_WG_15.NIF,already_copied,/mnt/g/Steam/steamapps/common/Morrowind/Data Files/meshes/f/Terrain_rock_WG_15.NIF,/mnt/f/CODE/Python/Projects/MorrowindDagonUrul/data/original/Meshes/f/Terrain_rock_WG_15.NIF
f\Terrain_rock_WG_16.NIF,already_copied,/mnt/g/Steam/steamapps/common/Morrowind/Data Files/meshes/f/Terrain_rock_WG_16.NIF,/mnt/f/CODE/Python/Projects/MorrowindDagonUrul/data/original/Meshes/f/Terrain_rock_WG_16.NIF
x\Ex_nord_doorrocks_01.NIF,already_copied,/mnt/g/Steam/steamapps/common/Morrowind/Data Files/meshes/x/Ex_nord_doorrocks_01.NIF,/mnt/f/CODE/Python/Projects/MorrowindDagonUrul/data/original/Meshes/x/Ex_nord_doorrocks_01.NIF
tr\x\tr_ex_dreu_rock_01.nif,already_copied,/mnt/g/Steam/steamapps/common/Morrowind/Data Files/meshes/tr/x/tr_ex_dreu_rock_01.nif,/mnt/f/CODE/Python/Projects/MorrowindDagonUrul/data/original/Meshes/tr/x/tr_ex_dreu_rock_01.nif
tr\x\tr_ex_entrance_ac_10.nif,already_copied,/mnt/g/Steam/steamapps/common/Morrowind/Data Files/meshes/tr/x/tr_ex_entrance_ac_10.nif,/mnt/f/CODE/Python/Projects/MorrowindDagonUrul/data/original/Meshes/tr/x/tr_ex_entrance_ac_10.nif
TR\x\tr_terr_ma_mtpeak_03.nif,already_copied,/mnt/g/Steam/steamapps/common/Morrowind/Data Files/meshes/TR/x/tr_terr_ma_mtpeak_03.nif,/mnt/f/CODE/Python/Projects/MorrowindDagonUrul/data/original/Meshes/TR/x/tr_terr_ma_mtpeak_03.nif
tr\x\tr_terr_ma_plat_02.nif,already_copied,/mnt/g/Steam/steamapps/common/Morrowind/Data Files/meshes/tr/x/tr_terr_ma_plat_02.nif,/mnt/f/CODE/Python/Projects/MorrowindDagonUrul/data/original/Meshes/tr/x/tr_terr_ma_plat_02.nif
x\Terrain_rock_MA_59.NIF,already_copied,/mnt/g/Steam/steamapps/common/Morrowind/Data Files/meshes/x/Terrain_rock_MA_59.NIF,/mnt/f/CODE/Python/Projects/MorrowindDagonUrul/data/original/Meshes/x/Terrain_rock_MA_59.NIF
f\Terrain_rock_WG_14.NIF,already_copied,/mnt/g/Steam/steamapps/common/Morrowind/Data Files/meshes/f/Terrain_rock_WG_14.NIF,/mnt/f/CODE/Python/Projects/MorrowindDagonUrul/data/original/Meshes/f/Terrain_rock_WG_14.NIF
x\Ex_T_rock_coastal_03.nif,already_copied,/mnt/g/Steam/steamapps/common/Morrowind/Data Files/meshes/x/Ex_T_rock_coastal_03.nif,/mnt/f/CODE/Python/Projects/MorrowindDagonUrul/data/original/Meshes/x/Ex_T_rock_coastal_03.nif
TR\x\tr_terr_ma_mtpeak_01.nif,already_copied,/mnt/g/Steam/steamapps/common/Morrowind/Data Files/meshes/TR/x/tr_terr_ma_mtpeak_01.nif,/mnt/f/CODE/Python/Projects/MorrowindDagonUrul/data/original/Meshes/TR/x/tr_terr_ma_mtpeak_01.nif
TR\x\tr_terr_ma_mtpeak_02.nif,already_copied,/mnt/g/Steam/steamapps/common/Morrowind/Data Files/meshes/TR/x/tr_terr_ma_mtpeak_02.nif,/mnt/f/CODE/Python/Projects/MorrowindDagonUrul/data/original/Meshes/TR/x/tr_terr_ma_mtpeak_02.nif
TR\x\tr_terr_ma_mtridge_02.nif,already_copied,/mnt/g/Steam/steamapps/common/Morrowind/Data Files/meshes/TR/x/tr_terr_ma_mtridge_02.nif,/mnt/f/CODE/Python/Projects/MorrowindDagonUrul/data/original/Meshes/TR/x/tr_terr_ma_mtridge_02.nif
x\Terrain_rock_MA_01.NIF,already_copied,/mnt/g/Steam/steamapps/common/Morrowind/Data Files/meshes/x/Terrain_rock_MA_01.NIF,/mnt/f/CODE/Python/Projects/MorrowindDagonUrul/data/original/Meshes/x/Terrain_rock_MA_01.NIF
x\Terrain_rock_MA_51.NIF,already_copied,/mnt/g/Steam/steamapps/common/Morrowind/Data Files/meshes/x/Terrain_rock_MA_51.NIF,/mnt/f/CODE/Python/Projects/MorrowindDagonUrul/data/original/Meshes/x/Terrain_rock_MA_51.NIF
x\Terrain_rock_MA_67.NIF,already_copied,/mnt/g/Steam/steamapps/common/Morrowind/Data Files/meshes/x/Terrain_rock_MA_67.NIF,/mnt/f/CODE/Python/Projects/MorrowindDagonUrul/data/original/Meshes/x/Terrain_rock_MA_67.NIF
x\Terrain_rock_MA_79.NIF,already_copied,/mnt/g/Steam/steamapps/common/Morrowind/Data Files/meshes/x/Terrain_rock_MA_79.NIF,/mnt/f/CODE/Python/Projects/MorrowindDagonUrul/data/original/Meshes/x/Terrain_rock_MA_79.NIF
f\Terrain_rock_WG_03.NIF,already_copied,/mnt/g/Steam/steamapps/common/Morrowind/Data Files/meshes/f/Terrain_rock_WG_03.NIF,/mnt/f/CODE/Python/Projects/MorrowindDagonUrul/data/original/Meshes/f/Terrain_rock_WG_03.NIF
f\Flora_tree_AC_02.nif,already_copied,/mnt/g/Steam/steamapps/common/Morrowind/Data Files/meshes/f/Flora_tree_AC_02.nif,/mnt/f/CODE/Python/Projects/MorrowindDagonUrul/data/original/Meshes/f/Flora_tree_AC_02.nif
f\Flora_tree_AC_01.nif,already_copied,/mnt/g/Steam/steamapps/common/Morrowind/Data Files/meshes/f/Flora_tree_AC_01.nif,/mnt/f/CODE/Python/Projects/MorrowindDagonUrul/data/original/Meshes/f/Flora_tree_AC_01.nif
f\Flora_tree_AC_03.nif,already_copied,/mnt/g/Steam/steamapps/common/Morrowind/Data Files/meshes/f/Flora_tree_AC_03.nif,/mnt/f/CODE/Python/Projects/MorrowindDagonUrul/data/original/Meshes/f/Flora_tree_AC_03.nif
f\Flora_tree_AC_04.nif,already_copied,/mnt/g/Steam/steamapps/common/Morrowind/Data Files/meshes/f/Flora_tree_AC_04.nif,/mnt/f/CODE/Python/Projects/MorrowindDagonUrul/data/original/Meshes/f/Flora_tree_AC_04.nif
x\Flora_ashtree_04.NIF,already_copied,/mnt/g/Steam/steamapps/common/Morrowind/Data Files/Morrowind.bsa::meshes\x\Flora_ashtree_04.NIF,/mnt/f/CODE/Python/Projects/MorrowindDagonUrul/data/original/Meshes/x/Flora_ashtree_04.NIF
f\Flora_tree_WG_01.NIF,already_copied,/mnt/g/Steam/steamapps/common/Morrowind/Data Files/meshes/f/Flora_tree_WG_01.NIF,/mnt/f/CODE/Python/Projects/MorrowindDagonUrul/data/original/Meshes/f/Flora_tree_WG_01.NIF
x\Flora_ashtree_05.nif,already_copied,/mnt/g/Steam/steamapps/common/Morrowind/Data Files/Morrowind.bsa::meshes\x\Flora_ashtree_05.nif,/mnt/f/CODE/Python/Projects/MorrowindDagonUrul/data/original/Meshes/x/Flora_ashtree_05.nif
x\Flora_ashtree_06.nif,already_copied,/mnt/g/Steam/steamapps/common/Morrowind/Data Files/Morrowind.bsa::meshes\x\Flora_ashtree_06.nif,/mnt/f/CODE/Python/Projects/MorrowindDagonUrul/data/original/Meshes/x/Flora_ashtree_06.nif
x\Flora_ashtree_07.nif,already_copied,/mnt/g/Steam/steamapps/common/Morrowind/Data Files/Morrowind.bsa::meshes\x\Flora_ashtree_07.nif,/mnt/f/CODE/Python/Projects/MorrowindDagonUrul/data/original/Meshes/x/Flora_ashtree_07.nif
x\Flora_ashtree_02.NIF,already_copied,/mnt/g/Steam/steamapps/common/Morrowind/Data Files/Morrowind.bsa::meshes\x\Flora_ashtree_02.NIF,/mnt/f/CODE/Python/Projects/MorrowindDagonUrul/data/original/Meshes/x/Flora_ashtree_02.NIF
x\Flora_ashtree_03.NIF,already_copied,/mnt/g/Steam/steamapps/common/Morrowind/Data Files/Morrowind.bsa::meshes\x\Flora_ashtree_03.NIF,/mnt/f/CODE/Python/Projects/MorrowindDagonUrul/data/original/Meshes/x/Flora_ashtree_03.NIF
f\Flora_tree_WG_06.NIF,already_copied,/mnt/g/Steam/steamapps/common/Morrowind/Data Files/meshes/f/Flora_tree_WG_06.NIF,/mnt/f/CODE/Python/Projects/MorrowindDagonUrul/data/original/Meshes/f/Flora_tree_WG_06.NIF
x\Flora_ashtree_01.NIF,already_copied,/mnt/g/Steam/steamapps/common/Morrowind/Data Files/Morrowind.bsa::meshes\x\Flora_ashtree_01.NIF,/mnt/f/CODE/Python/Projects/MorrowindDagonUrul/data/original/Meshes/x/Flora_ashtree_01.NIF
f\Flora_tree_WG_07.NIF,already_copied,/mnt/g/Steam/steamapps/common/Morrowind/Data Files/meshes/f/Flora_tree_WG_07.NIF,/mnt/f/CODE/Python/Projects/MorrowindDagonUrul/data/original/Meshes/f/Flora_tree_WG_07.NIF
f\Flora_tree_WG_02.NIF,already_copied,/mnt/g/Steam/steamapps/common/Morrowind/Data Files/meshes/f/Flora_tree_WG_02.NIF,/mnt/f/CODE/Python/Projects/MorrowindDagonUrul/data/original/Meshes/f/Flora_tree_WG_02.NIF
f\Flora_tree_WG_03.NIF,already_copied,/mnt/g/Steam/steamapps/common/Morrowind/Data Files/meshes/f/Flora_tree_WG_03.NIF,/mnt/f/CODE/Python/Projects/MorrowindDagonUrul/data/original/Meshes/f/Flora_tree_WG_03.NIF
f\Flora_tree_WG_04.NIF,already_copied,/mnt/g/Steam/steamapps/common/Morrowind/Data Files/meshes/f/Flora_tree_WG_04.NIF,/mnt/f/CODE/Python/Projects/MorrowindDagonUrul/data/original/Meshes/f/Flora_tree_WG_04.NIF
f\Flora_tree_WG_05.NIF,already_copied,/mnt/g/Steam/steamapps/common/Morrowind/Data Files/meshes/f/Flora_tree_WG_05.NIF,/mnt/f/CODE/Python/Projects/MorrowindDagonUrul/data/original/Meshes/f/Flora_tree_WG_05.NIF
f\Flora_tree_WG_08.NIF,already_copied,/mnt/g/Steam/steamapps/common/Morrowind/Data Files/meshes/f/Flora_tree_WG_08.NIF,/mnt/f/CODE/Python/Projects/MorrowindDagonUrul/data/original/Meshes/f/Flora_tree_WG_08.NIF
f\Flora_treestump_WG_02.NIF,already_copied,/mnt/g/Steam/steamapps/common/Morrowind/Data Files/meshes/f/Flora_treestump_WG_02.NIF,/mnt/f/CODE/Python/Projects/MorrowindDagonUrul/data/original/Meshes/f/Flora_treestump_WG_02.NIF
