id,file_name,source_master,land_texture_index,vtex_index,tiles,cells,cell_coordinates
Sand_02,Tx_sand_02.tga,TR_Mainland.esm,37,38,8781,69,"(14, 18); (14, 19); (14, 20); (14, 21); (15, 15); (15, 16); (15, 17); (15, 18); (15, 20); (15, 21); (16, 14); (16, 15); (16, 16); (16, 19); (16, 20); (16, 21); (17, 13); (17, 14); (17, 15); (17, 16); (17, 19); (17, 20); (17, 21); (18, 13); (18, 14); (18, 18); (18, 19); (18, 20); (18, 21); (19, 12); (19, 13); (20, 11); (20, 12); (20, 13); (21, 8); (21, 9); (21, 10); (21, 11); (21, 12); (21, 13); (22, 4); (22, 5); (22, 6); (22, 7); (22, 8); (22, 9); (22, 10); (22, 11); (23, 0); (23, 1); (23, 2); (23, 3); (23, 4); (23, 5); (23, 6); (23, 7); (23, 8); (23, 9); (23, 10); (24, 0); (24, 1); (24, 2); (24, 3); (24, 4); (24, 5); (25, 1); (25, 2); (25, 3); (26, 2)"
AC_darkstone02,Tx_land_darkstone02.tga,TR_Mainland.esm,9,10,3917,65,"(14, 19); (14, 20); (15, 16); (15, 17); (15, 18); (15, 19); (15, 20); (16, 14); (16, 16); (16, 17); (16, 18); (16, 19); (16, 20); (17, 14); (17, 15); (17, 16); (17, 17); (18, 13); (18, 14); (18, 15); (18, 16); (19, 13); (19, 14); (19, 15); (20, 12); (20, 13); (20, 14); (20, 15); (21, 8); (21, 9); (21, 10); (21, 11); (21, 12); (21, 13); (21, 14); (22, 7); (22, 8); (22, 9); (22, 10); (22, 11); (22, 12); (22, 13); (23, 2); (23, 3); (23, 4); (23, 6); (23, 7); (23, 8); (23, 9); (23, 10); (23, 11); (24, 0); (24, 1); (24, 2); (24, 3); (24, 4); (24, 6); (24, 7); (24, 8); (24, 9); (24, 10); (25, 1); (25, 2); (25, 3); (26, 2)"
Scrub Plain,Tx_scrubplain_01.tga,TR_Mainland.esm,23,24,1286,44,"(14, 19); (14, 20); (15, 19); (16, 17); (16, 18); (16, 19); (17, 14); (17, 15); (18, 14); (18, 15); (19, 14); (21, 10); (21, 13); (21, 14); (21, 15); (22, 9); (22, 11); (22, 12); (22, 13); (23, 2); (23, 7); (23, 8); (23, 9); (23, 10); (23, 11); (24, 1); (24, 2); (24, 3); (24, 5); (24, 6); (24, 7); (24, 8); (24, 9); (24, 10); (25, 1); (25, 2); (25, 3); (25, 6); (25, 7); (25, 8); (25, 9); (26, 2); (26, 3); (26, 7)"
AC_darkstone_grass,Tx_land_darkstone_grass.tga,TR_Mainland.esm,11,12,1227,51,"(15, 16); (15, 18); (15, 19); (16, 16); (16, 17); (16, 18); (16, 19); (17, 14); (18, 14); (18, 15); (18, 16); (19, 13); (19, 14); (19, 15); (19, 16); (20, 13); (20, 14); (20, 15); (20, 16); (20, 17); (21, 12); (21, 13); (21, 14); (22, 11); (22, 12); (22, 13); (23, 2); (23, 3); (23, 4); (23, 6); (23, 9); (23, 10); (23, 11); (24, 0); (24, 2); (24, 3); (24, 4); (24, 6); (24, 7); (24, 8); (24, 9); (24, 10); (25, 1); (25, 2); (25, 3); (25, 6); (25, 7); (25, 8); (26, 2); (26, 6); (26, 7)"
AC_scrubplain_02,Tx_AC_scrubplain_02.tga,TR_Mainland.esm,63,64,1002,42,"(14, 20); (15, 19); (15, 20); (16, 19); (17, 14); (17, 15); (18, 14); (18, 15); (19, 14); (19, 15); (19, 17); (19, 18); (20, 14); (20, 15); (20, 16); (20, 17); (21, 12); (21, 13); (22, 12); (23, 3); (23, 4); (23, 6); (23, 9); (23, 10); (23, 11); (24, 1); (24, 2); (24, 4); (24, 5); (24, 6); (24, 7); (24, 8); (24, 9); (24, 10); (25, 1); (25, 2); (25, 3); (25, 6); (25, 7); (26, 2); (26, 3); (26, 6)"
AI_mudflats_01.tga,Tx_AI_mudflats_01.tga,TR_Mainland.esm,56,57,1001,41,"(14, 18); (14, 19); (14, 21); (15, 17); (15, 18); (15, 20); (15, 21); (16, 14); (16, 15); (16, 20); (16, 21); (17, 13); (17, 14); (17, 15); (17, 19); (17, 20); (17, 21); (18, 13); (18, 14); (18, 19); (18, 20); (19, 12); (19, 13); (20, 11); (20, 12); (20, 13); (21, 8); (21, 9); (21, 10); (22, 4); (22, 5); (22, 10); (23, 0); (23, 1); (23, 2); (23, 3); (23, 4); (23, 9); (24, 0); (24, 1); (24, 4)"
AC_darkstone01,Tx_land_darkstone01.tga,TR_Mainland.esm,8,9,964,49,"(14, 19); (14, 20); (15, 17); (15, 18); (15, 19); (15, 20); (16, 16); (16, 17); (16, 18); (16, 19); (16, 20); (17, 15); (17, 16); (17, 17); (18, 14); (18, 16); (19, 13); (19, 14); (19, 15); (20, 13); (20, 14); (21, 8); (21, 9); (21, 10); (21, 11); (21, 12); (21, 13); (22, 7); (22, 8); (22, 9); (22, 10); (22, 11); (23, 2); (23, 3); (23, 6); (23, 7); (23, 8); (23, 9); (23, 10); (24, 1); (24, 2); (24, 4); (24, 6); (24, 7); (24, 9); (25, 1); (25, 2); (25, 3); (26, 2)"
WG_rock,Tx_rock_WG_01.tga,TR_Mainland.esm,14,15,881,17,"(18, 19); (18, 20); (21, 15); (22, 12); (22, 13); (23, 11); (24, 8); (24, 10); (25, 3); (25, 6); (25, 7); (25, 8); (25, 9); (26, 2); (26, 3); (26, 6); (26, 7)"
AC_dirtroad_01,Tx_AC_dirtroad_01.tga,TR_Mainland.esm,61,62,846,42,"(14, 19); (14, 20); (15, 19); (16, 17); (16, 18); (16, 19); (17, 16); (17, 17); (17, 18); (18, 15); (18, 16); (18, 18); (19, 15); (19, 16); (19, 17); (19, 18); (20, 14); (20, 15); (20, 16); (20, 17); (21, 12); (21, 13); (21, 14); (21, 15); (22, 12); (22, 13); (23, 7); (24, 4); (24, 5); (24, 6); (24, 7); (24, 8); (24, 9); (25, 1); (25, 3); (25, 6); (25, 7); (25, 9); (26, 2); (26, 3); (26, 6); (26, 7)"
AL_ash_01,Tx_ashlands_08.tga,TR_Mainland.esm,21,22,826,18,"(16, 17); (16, 18); (16, 19); (16, 20); (17, 16); (17, 17); (17, 18); (17, 19); (17, 20); (18, 15); (18, 17); (18, 18); (18, 19); (19, 16); (19, 17); (19, 18); (20, 16); (20, 17)"
AC_dirt_grass_01,Tx_AC_dirt_grass_01.tga,TR_Mainland.esm,59,60,721,39,"(14, 19); (16, 16); (16, 17); (16, 18); (16, 19); (17, 16); (17, 17); (18, 15); (19, 15); (19, 17); (19, 18); (20, 15); (20, 16); (20, 17); (21, 12); (21, 13); (21, 14); (21, 15); (22, 12); (22, 13); (23, 7); (23, 8); (23, 10); (23, 11); (24, 2); (24, 3); (24, 7); (24, 8); (24, 9); (24, 10); (25, 1); (25, 2); (25, 3); (25, 6); (25, 7); (25, 8); (26, 3); (26, 6); (26, 7)"
MA_rock04,Tx_MA_rock04.tga,TR_Mainland.esm,65,66,718,12,"(16, 18); (17, 16); (17, 17); (17, 18); (17, 19); (18, 15); (18, 16); (18, 17); (18, 18); (19, 15); (19, 16); (19, 17)"
AC_scrubplain_01,Tx_AC_scrubplain_01.tga,TR_Mainland.esm,62,63,655,24,"(17, 14); (18, 14); (18, 15); (19, 14); (19, 15); (20, 14); (20, 15); (20, 16); (20, 17); (21, 13); (21, 14); (21, 15); (22, 12); (23, 7); (24, 7); (24, 8); (24, 9); (24, 10); (25, 3); (25, 6); (25, 7); (26, 2); (26, 3); (26, 6)"
AC_dirt_grass_02,Tx_AC_dirt_grass_02.tga,TR_Mainland.esm,60,61,534,34,"(14, 19); (14, 20); (15, 19); (15, 20); (16, 17); (16, 19); (16, 20); (17, 15); (17, 17); (18, 15); (18, 18); (19, 18); (20, 13); (20, 14); (20, 15); (20, 16); (20, 17); (21, 13); (21, 14); (21, 15); (22, 12); (23, 2); (23, 6); (23, 7); (24, 2); (24, 3); (24, 5); (24, 6); (24, 7); (24, 9); (24, 10); (25, 1); (25, 6); (25, 9)"
WG_Scrub Plain,Tx_scrubplain_01.tga,TR_Mainland.esm,7,8,504,22,"(14, 20); (15, 19); (17, 16); (18, 14); (18, 15); (18, 20); (19, 15); (19, 16); (19, 17); (19, 18); (20, 14); (20, 15); (20, 16); (20, 17); (21, 15); (22, 13); (23, 11); (24, 4); (24, 5); (26, 3); (26, 6); (26, 7)"
WG_rockydirt,Tx_WG_rockydirt_01.tga,TR_Mainland.esm,30,31,456,17,"(21, 14); (21, 15); (22, 12); (22, 13); (23, 11); (24, 5); (24, 8); (24, 10); (25, 3); (25, 6); (25, 7); (25, 8); (25, 9); (26, 2); (26, 3); (26, 6); (26, 7)"
Tx_AI_mudflats_01.tga,Tx_AI_mudflats_01.tga,TR_Mainland.esm,57,58,441,27,"(14, 18); (14, 20); (14, 21); (15, 15); (15, 16); (15, 21); (16, 21); (17, 13); (17, 20); (17, 21); (18, 19); (18, 20); (18, 21); (21, 8); (21, 10); (21, 11); (22, 4); (22, 5); (22, 6); (22, 7); (22, 8); (22, 9); (22, 10); (23, 5); (23, 6); (23, 8); (24, 5)"
AC_darkgravel,Tx_land_darkgravel.tga,TR_Mainland.esm,10,11,366,25,"(14, 19); (15, 18); (15, 19); (16, 16); (17, 15); (18, 15); (19, 15); (19, 16); (20, 13); (20, 16); (21, 11); (21, 12); (21, 13); (23, 4); (23, 5); (23, 6); (23, 7); (23, 8); (24, 0); (24, 3); (24, 4); (24, 5); (24, 6); (25, 1); (25, 3)"
AL_ash_02,Tx_ashlands_07.tga,TR_Mainland.esm,20,21,291,13,"(16, 16); (16, 17); (16, 19); (17, 17); (17, 18); (17, 19); (18, 15); (18, 16); (18, 17); (18, 18); (19, 17); (19, 18); (20, 17)"
T_Imp_LegionMW_TxFloor_01,tr\lnd\tr_imp_paving_01.dds,TR_Mainland.esm,282,283,133,3,"(17, 15); (18, 15); (25, 1)"
MA_lava,Tx_MA_lava.tga,TR_Mainland.esm,84,85,121,6,"(17, 18); (17, 20); (17, 21); (18, 17); (19, 12); (19, 17)"
WG_rockyscrub,Tx_rockyscrub_01.tga,TR_Mainland.esm,13,14,87,7,"(21, 15); (22, 13); (23, 11); (24, 10); (26, 2); (26, 6); (26, 7)"
MA_lava02,Tx_MA_lava02.tga,TR_Mainland.esm,70,71,67,3,"(18, 16); (19, 16); (19, 17)"
MA_lavarock,Tx_MA_lavarock.tga,TR_Mainland.esm,69,70,63,5,"(17, 17); (18, 16); (18, 17); (19, 16); (19, 17)"
Daedric_scrubruins,Tx_Daed_road.tga,TR_Mainland.esm,55,56,58,4,"(15, 19); (21, 12); (22, 12); (25, 9)"
MA_lava04,Tx_MA_lava04.tga,TR_Mainland.esm,73,74,54,5,"(18, 15); (18, 16); (18, 17); (19, 16); (19, 17)"
AL_ash_04,Tx_ashlands_04.tga,TR_Mainland.esm,18,19,47,6,"(18, 15); (18, 16); (18, 18); (19, 16); (19, 17); (19, 18)"
Daedric Stone,Tx_Daed_road_02.tga,TR_Mainland.esm,101,102,47,3,"(21, 12); (22, 12); (25, 9)"
AC_dirt_01,Tx_AC_dirt_01.tga,TR_Mainland.esm,58,59,45,4,"(22, 11); (22, 12); (23, 11); (25, 1)"
MA_lava03,Tx_MA_lava03.tga,TR_Mainland.esm,72,73,45,4,"(16, 18); (17, 18); (19, 12); (19, 16)"
MA_lava05,Tx_MA_lava05.tga,TR_Mainland.esm,74,75,42,4,"(16, 18); (17, 18); (18, 17); (18, 18)"
MA_lavaflow,Tx_MA_lavaflow.tga,TR_Mainland.esm,71,72,21,5,"(17, 17); (17, 18); (18, 16); (18, 18); (19, 16)"
WG_dirtscrub,Tx_WG_dirtscrub_01.tga,TR_Mainland.esm,31,32,21,3,"(22, 13); (26, 3); (26, 6)"
GL_Dirtroad,Tx_GL_dirtroad_01.tga,TR_Mainland.esm,47,48,18,1,"(26, 7)"
MA_lava06,Tx_MA_lava06.tga,TR_Mainland.esm,68,69,17,2,"(18, 16); (18, 17)"
MA_sulphur_rock01,Tx_MA_sulphur_rock01.tga,TR_Mainland.esm,76,77,15,2,"(17, 18); (19, 17)"
MA_sulphur_rock07,Tx_MA_sulphur_rock07.tga,TR_Mainland.esm,81,82,14,1,"(19, 17)"
AL_ash_03,Tx_ashlands_06.tga,TR_Mainland.esm,19,20,11,2,"(17, 19); (18, 18)"
MA_crackedearth,Tx_MA_crackedearth.tga,TR_Mainland.esm,66,67,10,2,"(17, 18); (18, 18)"
AL_road_01,Tx_ashlands_road_01.tga,TR_Mainland.esm,22,23,8,2,"(19, 13); (19, 14)"
GL_Grass_01,Tx_GL_grass_01.tga,TR_Mainland.esm,48,49,6,1,"(26, 2)"
WG_dirtroad_01,Tx_WG_dirtroad_01.tga,TR_Mainland.esm,34,35,1,1,"(26, 6)"
