kind,id,source_mesh,source_export,references,cells,replacement_mesh,include
rock,terrain_rock_ac_12,f\Terrain_rock_AC_12.nif,mw_statics.txt,210,62,,
rock,terrain_rock_ac_04,f\Terrain_rock_AC_04.nif,mw_statics.txt,199,50,,
rock,terrain_rock_ac_11,f\Terrain_rock_AC_11.nif,mw_statics.txt,187,60,,
rock,terrain_rock_ac_07,f\Terrain_rock_AC_07.nif,mw_statics.txt,180,57,,
rock,terrain_rock_ac_03,f\Terrain_rock_AC_03.nif,mw_statics.txt,171,48,,
rock,terrain_rock_ac_08,f\Terrain_rock_AC_08.nif,mw_statics.txt,158,59,,
rock,terrain_rock_ac_10,f\Terrain_rock_AC_10.nif,mw_statics.txt,157,52,,
rock,Terrain_rocks_WG_03,f\Terrain_rocks_WG_03.nif,mw_statics.txt,141,11,,
rock,terrain_rock_ac_09,f\Terrain_rock_AC_09.nif,mw_statics.txt,140,47,,
rock,terrain_rock_ac_06,f\Terrain_rock_AC_06.nif,mw_statics.txt,128,45,,
rock,ex_t_rock_coastal_02,x\Ex_T_rock_coastal_02.nif,mw_statics.txt,125,28,,
rock,ex_t_rock_coastal_01,x\Ex_T_rock_coastal_01.nif,mw_statics.txt,120,23,,
rock,terrain_rock_ac_02,f\Terrain_rock_AC_02.nif,mw_statics.txt,113,41,,
rock,terrain_rock_ac_05,f\Terrain_rock_AC_05.nif,mw_statics.txt,84,34,,
rock,terrain_rock_ac_01,f\Terrain_rock_AC_01.nif,mw_statics.txt,68,31,,
rock,Terrain_rocks_WG_01,f\Terrain_rocks_WG_01.nif,mw_statics.txt,62,10,,
rock,terrain_rock_wg_10,f\Terrain_rock_WG_10.NIF,mw_statics.txt,34,10,,
rock,terrain_rock_ma_55,x\Terrain_rock_MA_55.NIF,mw_statics.txt,32,9,,
rock,terrain_rock_wg_08,f\Terrain_rock_WG_08.NIF,mw_statics.txt,30,7,,
rock,terrain_rock_wg_18,f\Terrain_rock_WG_18.NIF,mw_statics.txt,26,6,,
rock,terrain_rock_wg_12,f\Terrain_rock_WG_12.NIF,mw_statics.txt,25,12,,
rock,terrain_rock_ma_57,x\Terrain_rock_MA_57.NIF,mw_statics.txt,24,10,,
rock,terrain_rock_ma_54,x\Terrain_rock_MA_54.NIF,mw_statics.txt,22,7,,
rock,terrain_rock_wg_02,f\Terrain_rock_WG_02.NIF,mw_statics.txt,21,5,,
rock,terrain_rock_wg_05,f\Terrain_rock_WG_05.NIF,mw_statics.txt,19,11,,
rock,terrain_rock_ma_550,x\Terrain_rock_MA_550.NIF,mw_statics.txt,15,7,,
rock,terrain_rock_wg_01,f\Terrain_rock_WG_01.NIF,mw_statics.txt,15,5,,
rock,terrain_rock_wg_07,f\Terrain_rock_WG_07.NIF,mw_statics.txt,14,6,,
rock,terrain_rock_wg_17,f\Terrain_rock_WG_17.NIF,mw_statics.txt,14,9,,
rock,terrain_rock_ma_10,x\Terrain_rock_MA_10.NIF,mw_statics.txt,13,3,,
rock,terrain_rock_wg_09,f\Terrain_rock_WG_09.NIF,mw_statics.txt,13,5,,
rock,terrain_rock_ma_5a,x\Terrain_rock_MA_5A.NIF,mw_statics.txt,10,5,,
rock,terrain_rock_ma_25,x\Terrain_rock_MA_25.NIF,mw_statics.txt,7,2,,
rock,terrain_rock_ma_49,x\Terrain_rock_MA_49.NIF,mw_statics.txt,6,2,,
rock,terrain_rock_ma_04,x\Terrain_rock_MA_04.NIF,mw_statics.txt,5,2,,
rock,terrain_rock_ma_06,x\Terrain_rock_MA_06.NIF,mw_statics.txt,5,3,,
rock,terrain_rock_ma_07,x\Terrain_rock_MA_07.NIF,mw_statics.txt,5,3,,
rock,terrain_rock_ma_39,x\Terrain_rock_MA_39.NIF,mw_statics.txt,5,2,,
rock,terrain_rock_ma_43,x\Terrain_rock_MA_43.NIF,mw_statics.txt,5,2,,
rock,terrain_rock_ma_58,x\Terrain_rock_MA_58.NIF,mw_statics.txt,5,3,,
rock,Terrain_rocks_WG_02,f\Terrain_rocks_WG_02.nif,mw_statics.txt,5,3,,
rock,Terrain_rocks_WG_04,f\Terrain_rocks_WG_04.nif,mw_statics.txt,5,4,,
rock,terrain_rock_ma_02,x\Terrain_rock_MA_02.NIF,mw_statics.txt,4,2,,
rock,terrain_rock_ma_19,x\Terrain_rock_MA_19.NIF,mw_statics.txt,4,3,,
rock,T_Mw_TerrRockMA_Plateau_01,tr\x\tr_terr_ma_plat_01.nif,tamriel_statics.txt,3,3,,
rock,T_Mw_TerrRockMA_Plateau_03,tr\x\tr_terr_ma_plat_03.nif,tamriel_statics.txt,3,3,,
rock,terrain_rock_ma_09,x\Terrain_rock_MA_09.NIF,mw_statics.txt,3,2,,
rock,terrain_rock_ma_56,x\Terrain_rock_MA_56.NIF,mw_statics.txt,3,3,,
rock,terrain_rock_wg_15,f\Terrain_rock_WG_15.NIF,mw_statics.txt,3,2,,
rock,terrain_rock_wg_16,f\Terrain_rock_WG_16.NIF,mw_statics.txt,3,2,,
rock,ex_nord_doorrocks_01,x\Ex_nord_doorrocks_01.NIF,mw_statics.txt,2,2,,
rock,T_Glb_DngDreu_X_Rock_01,tr\x\tr_ex_dreu_rock_01.nif,tamriel_statics.txt,2,2,,
rock,T_Mw_TerrRockAC_CaveEntr_10,tr\x\tr_ex_entrance_ac_10.nif,tamriel_statics.txt,2,2,,
rock,T_Mw_TerrRockMA_MtPeak_03,TR\x\tr_terr_ma_mtpeak_03.nif,tamriel_statics.txt,2,1,,
rock,T_Mw_TerrRockMA_Plateau_02,tr\x\tr_terr_ma_plat_02.nif,tamriel_statics.txt,2,2,,
rock,terrain_rock_ma_59,x\Terrain_rock_MA_59.NIF,mw_statics.txt,2,2,,
rock,terrain_rock_wg_14,f\Terrain_rock_WG_14.NIF,mw_statics.txt,2,2,,
rock,ex_t_rock_coastal_03,x\Ex_T_rock_coastal_03.nif,mw_statics.txt,1,1,,
rock,T_Mw_TerrRockMA_MtPeak_01,TR\x\tr_terr_ma_mtpeak_01.nif,tamriel_statics.txt,1,1,,
rock,T_Mw_TerrRockMA_MtPeak_02,TR\x\tr_terr_ma_mtpeak_02.nif,tamriel_statics.txt,1,1,,
rock,T_Mw_TerrRockMA_MtRidge_02,TR\x\tr_terr_ma_mtridge_02.nif,tamriel_statics.txt,1,1,,
rock,terrain_rock_ma_01,x\Terrain_rock_MA_01.NIF,mw_statics.txt,1,1,,
rock,terrain_rock_ma_51,x\Terrain_rock_MA_51.NIF,mw_statics.txt,1,1,,
rock,terrain_rock_ma_67,x\Terrain_rock_MA_67.NIF,mw_statics.txt,1,1,,
rock,terrain_rock_ma_79,x\Terrain_rock_MA_79.NIF,mw_statics.txt,1,1,,
rock,terrain_rock_wg_03,f\Terrain_rock_WG_03.NIF,mw_statics.txt,1,1,,
tree,flora_tree_ac_02,f\Flora_tree_AC_02.nif,mw_statics.txt,146,56,,
tree,flora_tree_ac_01,f\Flora_tree_AC_01.nif,mw_statics.txt,137,51,,
tree,flora_tree_ac_03,f\Flora_tree_AC_03.nif,mw_statics.txt,83,46,,
tree,Flora_tree_AC_04,f\Flora_tree_AC_04.nif,mw_statics.txt,79,46,,
tree,flora_ashtree_04,x\Flora_ashtree_04.NIF,mw_statics.txt,18,7,,
tree,flora_tree_wg_01,f\Flora_tree_WG_01.NIF,mw_statics.txt,13,6,,
tree,flora_ashtree_05,x\Flora_ashtree_05.nif,mw_statics.txt,9,6,,
tree,flora_ashtree_06,x\Flora_ashtree_06.nif,mw_statics.txt,9,4,,
tree,flora_ashtree_07,x\Flora_ashtree_07.nif,mw_statics.txt,9,5,,
tree,flora_ashtree_02,x\Flora_ashtree_02.NIF,mw_statics.txt,8,5,,
tree,flora_ashtree_03,x\Flora_ashtree_03.NIF,mw_statics.txt,8,6,,
tree,flora_tree_wg_06,f\Flora_tree_WG_06.NIF,mw_statics.txt,6,4,,
tree,Flora_ashtree_01,x\Flora_ashtree_01.NIF,mw_statics.txt,5,4,,
tree,flora_tree_wg_07,f\Flora_tree_WG_07.NIF,mw_statics.txt,3,3,,
tree,flora_tree_wg_02,f\Flora_tree_WG_02.NIF,mw_statics.txt,2,2,,
tree,flora_tree_wg_03,f\Flora_tree_WG_03.NIF,mw_statics.txt,2,2,,
tree,flora_tree_wg_04,f\Flora_tree_WG_04.NIF,mw_statics.txt,2,2,,
tree,flora_tree_wg_05,f\Flora_tree_WG_05.NIF,mw_statics.txt,2,2,,
tree,flora_tree_wg_08,f\Flora_tree_WG_08.NIF,mw_statics.txt,2,2,,
tree,flora_treestump_wg_02,f\Flora_treestump_WG_02.NIF,mw_statics.txt,1,1,,
