what_to_replace,with_what_to_replace
flora_kreshweed_01,T_Ham_Flora_HornNutTr01
flora_kreshweed_02,T_Ham_Flora_HornNutTr02
flora_kreshweed_03,T_Ham_Flora_HornNutTr03
flora_willow_flower_01,T_Ham_Flora_Sabe01
flora_willow_flower_02,T_Ham_Flora_Sabe02
flora_black_anther_01,T_Ham_Flora_MaceShrub01
flora_black_anther_02,T_Ham_Flora_MaceShrub02
flora_gold_kanet_01,T_Ham_Flora_Tigara01
flora_gold_kanet_02,T_Ham_Flora_Tigara02
flora_stoneflower_01,T_Ham_Flora_Rustbloss01
flora_stoneflower_02,T_Ham_Flora_Rustbloss02
flora_roobrush_02,T_Bkm_Flora_DroPara_01
flora_chokeweed_02,T_Bkm_Flora_Dephilti_01
flora_wickwheat_03,T_Bkm_Flora_Yarrang_02
flora_wickwheat_04,T_Bkm_Flora_Yarrang_05
flora_green_lichen_02,T_Mw_Flora_LichenOr01
flora_hackle-lo_02,T_Bkm_Flora_DroPara_02
